{
  "roc_auc": 0.9617,
  "eer": 0.1045,
  "eer_threshold": 0.5016,
  "optimal_threshold": 0.4895,
  "youden_j": 0.803,
  "ece": 0.2842,
  "fpr_at_95tpr": 0.172,
  "fpr_at_95tpr_threshold": 0.4587,
  "accuracy_optimal": 0.9015,
  "accuracy_fixed_05": 0.8965,
  "macro_f1_optimal": 0.9015,
  "macro_f1_fixed_05": 0.8965,
  "confusion_matrix_optimal": [
    [
      884,
      116
    ],
    [
      81,
      919
    ]
  ],
  "confusion_matrix_fixed_05": [
    [
      894,
      106
    ],
    [
      101,
      899
    ]
  ],
  "per_source": {
    "deepfake20k": {
      "accuracy": 0.9015,
      "fp_count": 116,
      "fn_count": 81,
      "total": 2000
    }
  },
  "probability_distribution": {
    "real_mean": 0.40413227677345276,
    "real_std": 0.0671672448515892,
    "fake_mean": 0.6001796722412109,
    "fake_std": 0.064491868019104
  },
  "latency": {
    "mean_ms": 17.156189999950584,
    "median_ms": 16.910499998630257,
    "p95_ms": 19.181730003037956,
    "device": "cuda",
    "n_runs": 50
  },
  "total_evaluated": 2000,
  "n_real": 1000,
  "n_fake": 1000,
  "fp_total": 116,
  "fn_total": 81
}